mid_to_baseline_ratio,late_to_baseline_ratio,early_rate,mid_rate,late_rate,early_stability,mid_stability,late_stability,psd_max,psd_mean,psd_low,psd_mid,psd_high,psd_mid_to_low,spec_early_mean,spec_mid_mean,spec_late_mean,spec_progression,spec_variance,spec_max_energy,failure_type,channel,time_percentage,is_healthy
0.9376781699770552,0.9406318966427434,-2.018557707960296e-05,-2.197533878647284e-05,9.278853980139752e-06,0.09194328671608785,0.09124140191125824,0.09124020096218906,0.0006075497992939615,8.364260038899915e-07,1.8069144021741226e-06,4.846981460715623e-07,7.471069138455975e-07,0.26823147922251983,8.411116058362537e-07,8.381121296536344e-07,8.102305003214996e-07,0.9631708534454234,2.0242821341993526e-12,2.278328991766122e-05,inner_race,channel_5,0.0,True
0.9297181710783579,0.9446892040383614,-4.851049975581957e-05,3.296300817970884e-06,-5.046394269900749e-05,0.09488707856510296,0.0958043390985671,0.09559788894450076,9.8371682010481e-05,9.116631437567036e-07,1.2975986124314436e-06,7.037903887894538e-07,8.644142723673795e-07,0.5423373208905504,8.852262980735753e-07,9.406518279729948e-07,8.789856687438428e-07,0.9928380876705805,1.7573743102104992e-12,3.021037825146651e-05,inner_race,channel_6,0.0,True
0.9692938296339075,0.9687955187799305,-4.41152531336477e-05,-5.738005127579468e-06,-4.199902327852883e-05,0.08999146416534749,0.09226509273603246,0.09513393171799897,0.00033556191683331403,8.5516018385403e-07,1.7313727057665217e-06,5.264534292590112e-07,7.443272472181337e-07,0.3040495108618826,8.070146348589778e-07,8.479051607654713e-07,8.850832243860138e-07,1.0966016302512702,2.0326283682946565e-12,1.8723785647130584e-05,inner_race,channel_5,5.241187384044527,True
0.9668397489676787,0.9480929454475827,-7.488197948885054e-06,-7.4471981443048434e-06,-2.425524987790968e-05,0.09518571947736437,0.09664952359064531,0.0994607742822677,0.0001281666806695826,9.424016301575392e-07,1.4061784928461293e-06,7.5611524867478e-07,9.022273934293346e-07,0.5376710605482551,8.941392493583207e-07,9.06815746566656e-07,9.818475670404242e-07,1.0979696627552062,2.2425898430831015e-12,5.1268465288203106e-05,inner_race,channel_6,5.241187384044527,True
0.9959377644409836,0.9646807082850613,-6.283574800586038e-05,-4.517152972774754e-06,-1.4458382218787647e-19,0.1098577935854573,0.1119262394600652,0.11244989262408908,0.0002356918592115695,1.2425689406771418e-06,2.0713395436663184e-06,1.0084485201929672e-06,1.2847287529341764e-06,0.48683463790986464,1.2169072784825107e-06,1.2133446088210933e-06,1.254889432988787e-06,1.031127303160842,3.3507898138480806e-12,2.8557731970225566e-05,inner_race,channel_5,10.482374768089054,True
0.9708012548700861,0.9450030169133762,-1.0418362363665713e-05,-3.66255646441423e-07,3.109230017906597e-05,0.11618030048855904,0.11429596539153028,0.1175259682196758,0.00010277571386141236,1.3420646430402305e-06,1.921905428408282e-06,1.333131078125245e-06,1.3548807051722172e-06,0.6936146269000311,1.3847231242715593e-06,1.2375656401309912e-06,1.3554651148088115e-06,0.9788001738646654,3.5643958164127348e-12,3.776820997319919e-05,inner_race,channel_6,10.482374768089054,True
1.0056826605780513,0.9782965997229622,-3.092951326713358e-05,-9.278476376510955e-06,2.0673937815399492e-05,0.10985501230407414,0.11104217402951821,0.11088302926318044,0.0005463939684984529,1.2241215704450002e-06,1.9590403971720376e-06,9.467127245237177e-07,1.2434480231426756e-06,0.4832286271521276,1.1807851501255808e-06,1.2561019256732644e-06,1.1959057335615593e-06,1.0127197665534038,3.8459909589591205e-12,4.026839908446621e-05,inner_race,channel_5,15.769944341372913,True
0.9771269689569971,0.9318515368753056,3.906885886374911e-06,2.807959956049274e-05,-2.067393781539988e-05,0.11491375303412986,0.11557650531264613,0.11287692458449514,9.79588296434977e-05,1.3130313831046772e-06,1.6596696915167759e-06,1.288746537123477e-06,1.3270722531394652e-06,0.7764610618632032,1.283018414965723e-06,1.3703199000715747e-06,1.2398884801354653e-06,0.966308694251409,3.89687683395032e-12,5.4777037301919977e-05,inner_race,channel_6,15.769944341372913,True
1.012492356260672,0.9626244950900215,-3.337131694611787e-05,1.5138566719570304e-05,-1.3999674426176365e-05,0.11070813319805864,0.10958470029364381,0.11293162927344019,0.00039621683466095164,1.230897159910989e-06,2.033167997796114e-06,9.126917734997854e-07,1.3152043742488082e-06,0.44887923013054065,1.2122026718231245e-06,1.2034388266553284e-06,1.23637085602774e-06,1.019853279848357,3.275498156718297e-12,2.895125116740073e-05,inner_race,channel_5,21.01113172541744,True
0.995474728369637,0.9500789122756806,1.1883444571056254e-05,-5.738005127579099e-06,3.0278365619404063e-05,0.11414112763586826,0.1140089225767281,0.11820714543294436,6.937050631196673e-05,1.330255677692751e-06,1.8331750680547442e-06,1.240318516779718e-06,1.3848481136371693e-06,0.676558874547832,1.3209294834835866e-06,1.2390350876700997e-06,1.3885982630918991e-06,1.0511485780242633,3.3979791083091936e-12,3.654579308830355e-05,inner_race,channel_6,21.01113172541744,True
0.996697303386667,0.9624585863876521,-1.5953117369363924e-05,6.2263459895007615e-06,-1.5464756633567344e-05,0.10961704050203053,0.1100004457415279,0.11098347286420011,0.0004750954370109314,1.2142503556466882e-06,2.036575236380323e-06,8.993836538371145e-07,1.2720294617423434e-06,0.4415940439456329,1.199196769682735e-06,1.1837014947360796e-06,1.2096041045706087e-06,1.0085944823236708,3.4379720297598877e-12,3.2956877305189366e-05,inner_race,channel_5,26.2987012987013,True
1.0027854278802286,0.9507747298281448,2.6208692821097215e-05,2.1975338786469625e-06,1.2046231482988354e-05,0.11221258392385616,0.1143235503487487,0.1174030349918969,0.00012443466503786992,1.314527676431592e-06,1.5699708992959616e-06,1.094866000139873e-06,1.3868749692087237e-06,0.6973353882495523,1.2650248242794256e-06,1.2871925649551851e-06,1.3492720014587438e-06,1.0665129444655754,4.4862401492569605e-12,4.422717074214754e-05,inner_race,channel_6,26.2987012987013,True
0.9977554958885718,0.9564062762208423,1.9534429431872657e-06,-2.7713343914052046e-05,-2.148787237506144e-05,0.10962060397891397,0.10697733244252866,0.11090863368568163,0.0005672040049341175,1.1874259795147874e-06,2.00572623150987e-06,9.173306191244966e-07,1.2105131039267306e-06,0.45733304546225984,1.1694451940403783e-06,1.1541886393565078e-06,1.1927830531379938e-06,1.0198691416253327,3.3460800518605843e-12,3.3151802486434076e-05,inner_race,channel_5,31.539888682745826,True
0.9771238777310707,0.948613835694639,7.488197948885031e-06,-2.087657184714933e-05,4.362689239785073e-05,0.11454965994133331,0.1115514491506371,0.11731782783121168,0.00013895609642665776,1.304527150324637e-06,1.6824966401007595e-06,1.096069003306431e-06,1.4512918957694588e-06,0.6514151860191487,1.2861280512733647e-06,1.2404700945327322e-06,1.344649068265954e-06,1.045420418979941,3.4703561894383423e-12,3.275815389340561e-05,inner_race,channel_6,31.539888682745826,True
1.0138530810460962,0.9907567545557219,3.141787400293019e-05,-2.771334391405178e-05,5.2091811818329696e-05,0.11209753535779723,0.11058774283851262,0.11491479037308899,0.0004158197092165172,1.2622548720634944e-06,2.0272573065694827e-06,9.645581410968543e-07,1.3889678915031904e-06,0.475771161783512,1.2303617214632676e-06,1.2328070266422428e-06,1.2871939838503824e-06,1.046106482954747,3.706968620067978e-12,5.989084007957742e-05,inner_race,channel_5,36.781076066790355,True
1.0272780834343553,0.9764116953908495,4.492918769330948e-05,1.220852154804173e-06,9.116067068207769e-06,0.11269511117888918,0.1133156383639875,0.11877967113594223,7.148568111524726e-05,1.3181109407183365e-06,1.5024144668782306e-06,1.1209152337649578e-06,1.504965575870213e-06,0.7460262503121715,1.2571253038783198e-06,1.2959265412552623e-06,1.34764576653219e-06,1.0719206512746275,4.264880494243727e-12,8.215311660398454e-05,inner_race,channel_6,36.781076066790355,True
1.026866145062381,0.9801184182702474,-6.674263389223675e-06,-4.590404102063248e-05,-2.7836561940419845e-05,0.11551352161811163,0.11561228300500707,0.11119251057189426,0.0004464161829938891,1.305988045444628e-06,1.9704303350461966e-06,1.0998535813813678e-06,1.4369725438552485e-06,0.558151052952749,1.322820500957871e-06,1.3231776924546164e-06,1.2356032829077043e-06,0.9339966249015388,3.6608690173039505e-12,2.8318431178693125e-05,inner_race,channel_5,42.06864564007421,True
1.0228011720030887,0.9740361120807287,2.3441315318248442e-05,-1.0377243315834739e-05,-2.7673775028491347e-06,0.11669293065491543,0.11738316152809541,0.11685264905147094,0.0001412697839043655,1.369538641771395e-06,1.5819975076112586e-06,1.209536135453216e-06,1.5638894172559401e-06,0.7645142790721179,1.3646319027895227e-06,1.3575618401710778e-06,1.3469432112040385e-06,0.9869654314161456,4.4664574532905896e-12,6.080912390284972e-05,inner_race,channel_6,42.06864564007421,True
0.9799087736098686,0.9598553482101231,-4.899886049161636e-05,-9.522646807471511e-06,1.1069510011394994e-05,0.11227642777074785,0.10937173701078451,0.11121783373990815,0.0002874990314609806,1.2278349941373824e-06,2.065982961961163e-06,9.905364834149748e-07,1.3405967100458699e-06,0.47942725517408064,1.2445794718572696e-06,1.1666035190340447e-06,1.2446151686478765e-06,0.9999483375352072,3.249113512957289e-12,2.4999301572013244e-05,inner_race,channel_5,47.30983302411874,True
0.9860961669550626,0.9596413402548373,5.9091649031417505e-05,-6.438236316651805e-20,-2.5883118997231752e-05,0.11662450670946854,0.11352159838932185,0.11498307554080904,6.76113882913091e-05,1.3202227621270732e-06,1.700609983779411e-06,1.180610455530894e-06,1.5055327428700058e-06,0.6941868200875005,1.3415550057600636e-06,1.2717666991516291e-06,1.2965978889928363e-06,0.9664167639417095,3.0918480489667424e-12,3.0017906482972294e-05,inner_race,channel_6,47.30983302411874,True
0.98395153200328,0.9612576537726699,1.155787074719227e-05,8.057624221706837e-06,4.6557056812632e-05,0.11502635376024041,0.11931173215407195,0.11776303356186867,0.0002258860461595408,1.3824549213943948e-06,2.1725515135998437e-06,1.1192230146567526e-06,1.5368459888099475e-06,0.5151415252979635,1.3102327167165787e-06,1.442688510382902e-06,1.3647004787061058e-06,1.0414915702675587,4.20955741410962e-12,3.9511905046349396e-05,inner_race,channel_5,52.5974025974026,True
0.9802135730877856,0.9562346463009074,6.674263389222916e-06,5.005493834696823e-06,-2.8650496500081393e-05,0.1157814838493435,0.11920611902766606,0.11596150284882437,0.00010805819614408112,1.3741307712486019e-06,1.697363937366266e-06,1.2361856264960164e-06,1.4830579361042313e-06,0.7282544266678471,1.3259435167030788e-06,1.4395228571591593e-06,1.3175818696171606e-06,0.9936188767718903,4.048323486528664e-12,6.323636597451331e-05,inner_race,channel_6,52.5974025974026,True
1.0081958787172711,0.9775582406380234,-3.30457431222532e-05,1.0133072884873827e-05,1.57903304574314e-05,0.11391253962048718,0.10880573195099068,0.11459960969573581,0.00041074725463990095,1.256923217412507e-06,1.9911881963285053e-06,1.0420344093872801e-06,1.352564991383753e-06,0.5232966334599688,1.252273137247568e-06,1.155844607065196e-06,1.3054866204260343e-06,1.0424102702292048,3.3782723902003853e-12,2.7877998321585665e-05,inner_race,channel_5,57.83858998144712,True
1.0022282470558332,0.9731996102685757,1.7743773400619452e-05,1.7824441460139106e-05,2.034836399153524e-05,0.12009962921603691,0.1132039815434603,0.11944258885865633,9.357938800129523e-05,1.3734150841659369e-06,1.7445515977862442e-06,1.1580629083111714e-06,1.570966604979129e-06,0.6637788941818618,1.4056631265001014e-06,1.2634268692514405e-06,1.4135668963258058e-06,1.0055512693985176,4.848732772484543e-12,7.734828821238659e-05,inner_race,channel_6,57.83858998144712,True
1.0012591656768226,0.9737421984193275,4.411525313364854e-05,1.4650225857646245e-06,-1.3999674426176108e-05,0.11031366712536922,0.10877317549788956,0.10966503408957495,0.0004047384839290601,1.199201549788524e-06,2.062347678244694e-06,9.469093135495123e-07,1.299241250024537e-06,0.4591191929559188,1.1999886691971008e-06,1.2019167684860035e-06,1.1677572645603678e-06,0.973059153488747,3.078644113434854e-12,2.905415818815465e-05,inner_race,channel_5,63.12615955473099,True
0.9877758212044333,0.9459248564561359,1.4650822073905053e-05,-8.912220730069902e-06,-4.004558033534104e-05,0.11456385818777495,0.11354382193710022,0.11624059326130147,8.794158516947576e-05,1.314881020338552e-06,1.6470380505903814e-06,1.1287235371209665e-06,1.551301570928854e-06,0.6852634706097644,1.2859174962841033e-06,1.3151569894490785e-06,1.3013712063655776e-06,1.0119389589378358,3.3336054564272347e-12,3.4496640512371626e-05,inner_race,channel_6,63.12615955473099,True
0.9897266333891617,0.9421312966293152,-1.0255575451733318e-05,-6.836772066902961e-06,3.727820283249263e-05,0.11587273806271259,0.11256117624116584,0.1156853581604709,0.00047665104873790637,1.3114508456908714e-06,2.063282365712127e-06,1.0650114143567433e-06,1.4019388110949807e-06,0.5161483552706336,1.327008618786943e-06,1.2518168912004459e-06,1.3191363680054936e-06,0.99399276693061,3.758268093486985e-12,2.808311437553059e-05,inner_race,channel_5,68.36734693877551,True
0.975386576395854,0.9518513874958207,-5.12778772586685e-05,-3.455011598095451e-05,2.6208692821096775e-05,0.11670108714245184,0.1156086070368023,0.11946656120950136,9.74507155789161e-05,1.3714443549051835e-06,1.5748733912493357e-06,1.2794891368282002e-06,1.5387044988825005e-06,0.8123877799695747,1.3470077603897215e-06,1.318449879771949e-06,1.4154721656336984e-06,1.0507490248769695,3.6628407234998096e-12,6.062333597300877e-05,inner_race,channel_6,68.36734693877551,True
0.9857601639333998,0.9777867738966943,1.7580986488686848e-05,4.761323403735859e-06,-3.2231808562591485e-05,0.10697238722581591,0.11436219642238776,0.11172272561410307,0.00032505595950049407,1.2408786046797092e-06,2.028295109413627e-06,9.806090043263868e-07,1.3401966922449327e-06,0.48344082460830995,1.1536042622846995e-06,1.2833328026669616e-06,1.2432331738654116e-06,1.077601266206139,3.467787044395065e-12,2.9820379263915947e-05,inner_race,channel_5,73.60853432282003,False
1.0170793124150117,0.9887014758511548,-2.9464431059742796e-05,-6.10426077401973e-07,1.074393618753046e-05,0.1172647932706057,0.11977922197405792,0.11542478195274765,6.671080165833415e-05,1.3860080852182613e-06,1.688618748135664e-06,1.197209450547456e-06,1.652477701873475e-06,0.7089454368106994,1.398254626533525e-06,1.4061335485812034e-06,1.3009537955626322e-06,0.9303461159832207,3.4904175138012255e-12,3.683475797755524e-05,inner_race,channel_6,73.60853432282003,False
0.964196571560482,0.9598868041972312,-1.9208855608009335e-05,1.306311805640371e-05,-1.562754354549935e-05,0.11235579471126546,0.11174810702945603,0.11070576122204774,0.0002193143278144929,1.2460643946475868e-06,2.0052622322391838e-06,1.062787123215772e-06,1.3383853356766474e-06,0.5299726434106948,1.2386738206376113e-06,1.243462013877302e-06,1.218949079068128e-06,0.9839964800359768,3.4721892068664266e-12,3.2939456775229834e-05,inner_race,channel_5,78.8961038961039,False
0.9793753464401918,0.9599005137102741,1.2209018394921326e-05,2.2341594432914436e-05,1.8394921048347827e-05,0.11650065573269927,0.1188868172594555,0.11873424895065779,6.84526134740152e-05,1.3955970868740597e-06,1.732866481521178e-06,1.4839742589540915e-06,1.6912430954069923e-06,0.8563202316824247,1.32564702220676e-06,1.4171987230841825e-06,1.409330739766655e-06,1.0630465059772614,4.400608357485247e-12,3.654471750122805e-05,inner_race,channel_6,78.8961038961039,False
0.9892113374934216,0.961088974095515,4.720820446036523e-06,-4.883408619216912e-07,2.376688914211289e-05,0.12104711943440145,0.11723367094575635,0.12293747283188813,0.00023746672811688515,1.4428048001653796e-06,2.2882715734449293e-06,1.1413195479062995e-06,1.7069517584377623e-06,0.4987474766557031,1.4417653244073563e-06,1.3562854788906125e-06,1.5108501652246632e-06,1.0478441638407952,5.185536207185444e-12,4.33601866847741e-05,inner_race,channel_5,84.13729128014842,False
0.9798922740701431,0.962358604493734,2.1976233110858593e-05,2.2952020510316396e-05,4.688263063649669e-05,0.12330634850930501,0.12058759263450179,0.12512141488353062,5.945293171298364e-05,1.5075262774533641e-06,1.7272444298485761e-06,1.5137737484335226e-06,1.9240131714369387e-06,0.8763589486123646,1.5179740672158168e-06,1.4241066765250032e-06,1.542442838518815e-06,1.0160524257868992,4.964407662701368e-12,5.063814108656336e-05,inner_race,channel_6,84.13729128014842,False
0.9884645065806861,0.9621269623130186,-1.3022952954580295e-06,-9.76681723843257e-06,-3.2557382386413684e-07,0.12025341982174224,0.12818380782292452,0.12201183954392393,0.0003494547837352167,1.5377738045133758e-06,2.242274650786838e-06,1.5366157451959607e-06,1.7780858909374298e-06,0.685262716761791,1.409599075884682e-06,1.6365439541570904e-06,1.526464235865045e-06,1.0828298478574832,5.4391646360205114e-12,4.424278789045356e-05,inner_race,channel_5,89.42486085343229,False
0.9878120330584093,0.9550638628363034,-8.4649194204789e-06,4.5171529727744895e-06,1.432524825004042e-05,0.1257085497294464,0.12875286569502098,0.12937043034678342,0.00011374597651096603,1.6393627608149456e-06,2.090953589851498e-06,1.86706613433884e-06,2.0206287560447194e-06,0.8928829674190392,1.5491840194236377e-06,1.6430160980038529e-06,1.666726457553087e-06,1.0758043306824658,5.180690556868451e-12,3.681807634416732e-05,inner_race,channel_6,89.42486085343229,False
1.0078443465367866,0.9683586011126553,3.776656356828896e-05,2.5393724819924647e-05,-1.6278691193228079e-06,0.13527107900870095,0.13205013091292955,0.12473014503561694,0.00035010495560791914,1.71305028484996e-06,2.2922326959194017e-06,1.494150982187719e-06,2.0024086956138282e-06,0.6518037215311147,1.78174191608552e-06,1.7436219467668877e-06,1.564044812725983e-06,0.8777685599416083,7.49054633138307e-12,5.1974689534103136e-05,inner_race,channel_5,94.6660482374768,False
1.0133724914753257,0.9753804043912058,6.023115741494398e-06,1.0987669393236394e-05,-1.4650822073902515e-06,0.13757970225084554,0.132652232797351,0.13245872574418396,9.28329784519791e-05,1.7983059493718473e-06,1.9360002806834386e-06,2.0979775729421637e-06,2.290946228644777e-06,1.083609973033826,1.8508054961897188e-06,1.76037153205762e-06,1.7418298072418497e-06,0.9410690123442754,6.4470542777195454e-12,4.6469419036528775e-05,inner_race,channel_6,94.6660482374768,False
-1.4229194432181702,-0.9680026194605836,-7.63470616962394e-05,3.1253815162984294e-05,8.302132508549881e-06,0.46702732025733135,0.5404806534421442,0.5665397710973965,0.04723861222114376,3.356919925464661e-05,1.5352295009063166e-05,1.5407138767083883e-05,4.02532109814394e-05,1.0035658122389632,2.2347835779412317e-05,2.4561255699999207e-05,2.913664204201539e-05,1.303773302805759,3.690489685922318e-09,0.001441945568319204,inner_race,channel_5,99.95361781076066,False
1.0550880837541263,0.9877515760461553,-4.3789679309782664e-05,0.00018715663533145981,0.00011525313364805365,0.4608578618208739,0.4731988967209688,0.514214702306979,0.0015553195286160868,2.3258969958526844e-05,2.3804221951739076e-05,2.4316777724869984e-05,3.898076000959528e-05,1.0215278458327803,2.12293168659984e-05,2.2822979578210047e-05,2.5223412266953708e-05,1.1881349556686223,1.4616235941223605e-09,0.0007092311087632685,inner_race,channel_6,99.95361781076066,False
0.9563118119052063,0.9565450643776824,-4.395246622171619e-06,4.395067757294607e-06,1.6278691193227943e-06,0.056838251674595934,0.06057995707868186,0.06248535497024711,0.0003701842805156938,3.609801191289912e-07,8.598769280448426e-07,1.9867544812741163e-07,8.348980920642588e-07,0.23102416082150043,3.234116918573042e-07,3.7162716422432157e-07,3.7292561082379195e-07,1.1527422971417165,5.92812649729438e-13,1.3036481054529932e-05,roller,channel_7,0.0,True
0.9741615995728026,0.9549780104079032,2.669705355689404e-05,-5.615919912098848e-06,-4.883607357968403e-05,0.06413108472520361,0.06746979554129502,0.06707947802157123,0.00023693888905173787,4.405875013042606e-07,7.970096503735015e-07,3.6046724062337347e-07,6.413633948973766e-07,0.45221788552487024,4.0693595667534817e-07,4.682677189736645e-07,4.328616234945688e-07,1.063448121463675,4.706812011686762e-13,1.1267105558096683e-05,roller,channel_8,0.0,True
0.9675770866898085,0.9512271357345791,7.162624125020321e-06,8.423879868148076e-06,-5.2091811818329e-06,0.06526833501637581,0.06597329830273076,0.06783183850832993,0.0002195639078524126,4.4017342086930554e-07,9.30212731774349e-07,3.4645456561581924e-07,9.725634716298573e-07,0.3724065615602616,4.1851573721468327e-07,4.383841593117473e-07,4.4431791083910666e-07,1.0613980109668983,7.261692103067485e-13,1.2702594368777874e-05,roller,channel_7,4.267161410018553,True
0.9578811773973781,0.9562466160474408,-1.1557870747191837e-05,-8.545965083629973e-07,-8.79049324434316e-06,0.06814982621971608,0.07016221262310417,0.06888179557197414,0.0001741073102356069,4.787626552027293e-07,8.329179957198687e-07,4.805630462533608e-07,6.636595090221576e-07,0.576893955139676,4.688042653248807e-07,4.878881038183134e-07,4.612332615253962e-07,0.9836405757704728,5.379163223321169e-13,1.2762740739557011e-05,roller,channel_8,4.267161410018553,True
1.001099833319834,0.9725531905823575,-2.06739378153995e-05,2.236439983679048e-19,1.3511313690379338e-05,0.07369058575405249,0.068934295877264,0.07228089626508087,0.00035860541917485315,5.098627240417557e-07,8.581089313457377e-07,3.7721938744635924e-07,1.30912975520746e-06,0.4395426028191646,5.383611612864538e-07,4.6728343860330733e-07,5.095464126882366e-07,0.9463011435604082,1.220954987224243e-12,1.784462864388785e-05,roller,channel_7,8.534322820037106,True
1.0013079098528497,0.9700016938504653,-2.0185577079602617e-05,9.522646807471908e-06,4.720820446035931e-06,0.07868914258052323,0.07600096460084364,0.0774105090370739,0.00012699417926316777,5.967433551389539e-07,9.292757488941251e-07,6.574751665953617e-07,8.455281487082828e-07,0.707437403415894,6.083104647958477e-07,5.835714546745848e-07,5.782245552084045e-07,0.9503856173848486,8.088133580990216e-13,1.385692374954794e-05,roller,channel_8,8.534322820037106,True
0.985695416054955,0.9650325381434539,-2.2790167670518114e-06,6.958857282382913e-06,-3.092951326713416e-06,0.07957056708590879,0.07875227926528322,0.0788727988827517,0.00019094690154105882,6.248673796466104e-07,7.742405806944972e-07,3.9273792286417773e-07,1.755557963389981e-06,0.5071901598027261,6.366089180812788e-07,5.963226296149052e-07,6.24665084722747e-07,0.9810842395692746,2.3272149307227656e-12,3.4147212626147785e-05,roller,channel_7,12.80148423005566,True
0.9858327031403512,0.9512010675224722,2.4418036789840673e-06,-7.0809424978632745e-06,-1.739524110697889e-19,0.08489771118193488,0.08439220753635406,0.08509995831543828,0.00016738566673698906,7.186225082711249e-07,9.533666185300073e-07,7.692818178366782e-07,1.1160763009430918e-06,0.8068261676771723,7.124983431587521e-07,7.040392345047709e-07,7.259251348307098e-07,1.0187016877037403,1.3094305320534189e-12,1.8759512443103872e-05,roller,channel_8,12.80148423005566,True
1.001008420309585,0.9650540345215888,-2.7673775028486807e-06,-5.615919912098531e-06,6.5114764772912925e-06,0.08133246336338787,0.08076753002279057,0.0819018181205781,0.00020334625606584607,6.607111060845727e-07,9.137328376951556e-07,4.111279867723126e-07,1.8609452835906563e-06,0.4498940832649967,6.602060760027154e-07,6.664414651196373e-07,6.446304583746865e-07,0.9762600736268789,2.709516447175967e-12,3.730486188369231e-05,roller,channel_7,17.068645640074212,True
0.983053234240748,0.9623694785869218,-4.720820446036466e-06,2.685874740568857e-06,1.3022952954582893e-06,0.0853802424481799,0.08519241004689003,0.0850695414883499,0.00014453341605571185,7.261198425749496e-07,9.616749084468385e-07,7.22377147113425e-07,1.1183571418490896e-06,0.7510875369788812,7.178633195821129e-07,7.443995340520951e-07,7.005230380533198e-07,0.9757086733359246,1.1070378057576697e-12,1.946906672779422e-05,roller,channel_8,17.068645640074212,True
0.996399427005588,0.9644007863617006,2.2627380758587053e-05,-1.4894396288609724e-05,1.074393618753055e-05,0.08427925163489565,0.08073589135228629,0.08070449999720848,0.00025424196160136705,6.69269385252905e-07,8.878603143903924e-07,4.084511304238794e-07,1.9259556682021516e-06,0.45998804654270115,6.893660718198117e-07,6.479320743964697e-07,6.300348660675483e-07,0.9138011162820562,2.8041276973930373e-12,3.64656791624836e-05,roller,channel_7,21.382189239332096,True
0.9877674619113209,0.9539297843481551,-2.0999511639264278e-05,-8.545965083628126e-07,2.0022790167670646e-05,0.08891717434991127,0.08643850133490683,0.08295166855127062,7.661864009447678e-05,7.426263242715783e-07,9.466558587100831e-07,7.975717482647387e-07,1.1753530311973197e-06,0.8424259970795408,7.859748507049785e-07,7.445434065040006e-07,6.7267522597003e-07,0.8557394061987253,1.246220671065055e-12,1.852712831936349e-05,roller,channel_8,21.382189239332096,True
0.9888626823403239,0.9749897361563792,-4.395246622171701e-06,-2.270785007935528e-05,2.067393781539969e-05,0.07456811288287486,0.0741161069841496,0.07539420459407911,0.0002029333877188313,5.571073505766877e-07,8.674040508178943e-07,4.928014500957203e-07,1.4081580374716585e-06,0.5680681832333815,5.562668399031249e-07,5.442491407188956e-07,5.485622335588245e-07,0.985972193551903,1.3402608290273815e-12,2.2709785361226477e-05,roller,channel_7,25.649350649350648,True
0.9953932546487778,0.9710691348061469,-1.6604265017092614e-05,4.7613234037358266e-05,8.62770633241062e-06,0.08099659587613602,0.07964545006642751,0.08395705781256446,0.0001128675599673571,6.61982932311517e-07,8.593779143922851e-07,9.466820464802385e-07,9.771744092958036e-07,1.1014617486123692,6.597143531067648e-07,6.216604615341552e-07,6.78605621147376e-07,1.0284796290837441,1.1771559245050559e-12,2.283812245735702e-05,roller,channel_8,25.649350649350648,True
0.9993802740377269,0.9743577771363567,4.362689239785114e-05,-2.5882065681846013e-05,-1.2209018394921111e-05,0.07199491544253524,0.07350641517059069,0.06980716254214236,0.00019433320221608617,5.178775305830175e-07,7.998684216406235e-07,4.461143780721335e-07,1.3192285773408257e-06,0.5576649852718126,4.91934818283149e-07,5.402535077157273e-07,4.994398887757598e-07,1.015049891222026,1.2261062757176725e-12,2.6326887644288e-05,roller,channel_7,29.916512059369204,True
1.01233099702268,0.9626464411325624,-2.295295458245172e-05,-6.104260774020221e-07,3.2231808562591295e-05,0.08254658163853223,0.08151041463849895,0.0780597963580128,0.0001476631818272469,6.530446790739181e-07,8.640214025451147e-07,9.379937063762619e-07,9.466804394014331e-07,1.0854883395013357,6.47191136335843e-07,6.705911701618168e-07,6.286745152412478e-07,0.9712391842718883,1.2300977844205828e-12,3.0463288752533863e-05,roller,channel_8,29.916512059369204,True
0.9955102444235554,0.9699743652831491,-2.392967605404541e-05,1.8312782322059933e-06,2.116229855119804e-06,0.06914527241673867,0.07428788180791518,0.07519972858446906,0.0003379251415311934,5.339136651656026e-07,8.695257644963711e-07,4.3393632778770596e-07,1.3450604269789019e-06,0.4989920325543859,4.810167498342049e-07,5.554838988140093e-07,5.376357584368468e-07,1.1174746225778227,1.265516018456514e-12,1.7521527656104e-05,roller,channel_7,34.183673469387756,True
0.9815673489480019,0.9577886659115892,4.916164740354894e-05,2.0632401416188827e-05,6.39752563893863e-05,0.07727730678324853,0.08006877965285258,0.0798904814743423,6.254611238406814e-05,6.273012684680069e-07,8.847624442762118e-07,8.63472180620445e-07,9.200899667077063e-07,0.9758264532593387,5.980053165712847e-07,6.547884943283765e-07,6.078425849441412e-07,1.0162801902993883,1.0515225737264858e-12,2.007100297717446e-05,roller,channel_8,34.183673469387756,True
0.9878429470829161,0.9735110181820471,8.302132508546305e-06,-1.465022585764994e-06,-2.710946666022684e-20,0.07266630800677076,0.07262070574514946,0.07172727994037525,0.00022409405763033856,5.237229640562349e-07,8.770169973797595e-07,4.0137795780888953e-07,1.3714360869277647e-06,0.457610511491556,5.07901429651166e-07,5.162690780576071e-07,5.256586018871704e-07,1.0347581152441425,1.3414302451568238e-12,2.1674642551443117e-05,roller,channel_7,38.45083487940631,True
1.0132808761762984,0.9800712424902971,-4.883607357970592e-07,-2.4417043096079834e-06,1.1557870747191801e-05,0.0782535878861358,0.0789854884240846,0.07916158449089425,8.389090374625089e-05,6.212482300159896e-07,8.6032769563808e-07,7.716257215888638e-07,9.855490098164541e-07,0.8967932174900972,5.982145518862132e-07,6.068818614134517e-07,6.351349108979713e-07,1.061540136197056,9.89362952592442e-13,2.0752347836632473e-05,roller,channel_8,38.45083487940631,True
0.9965733397841773,0.9801426197437894,5.534755005697712e-06,-9.888902453912742e-06,2.1813446198925928e-05,0.07072487131652205,0.07148058060044693,0.07238391484428015,0.00016853308761503874,5.11714432859254e-07,8.522973848124145e-07,3.2826228289068635e-07,1.3820672451226404e-06,0.38510475130437716,4.983029965333988e-07,5.034885178683367e-07,5.168631823984466e-07,1.0370386735100834,1.1360143979710167e-12,1.8105416837586597e-05,roller,channel_7,42.76437847866419,True
1.0941424294797708,1.083014353221434,1.074393618753047e-05,8.668050299108786e-06,-9.116067068207495e-06,0.07739584831812676,0.07575030411723752,0.07845589156072864,0.0001272976759693667,5.957275285578494e-07,9.55848911576217e-07,6.679746698218123e-07,9.301463177855412e-07,0.6987556152142294,5.837953963651152e-07,5.681113881945371e-07,6.085785718734609e-07,1.0422732833004065,7.093660656518163e-13,1.1083752788171751e-05,roller,channel_8,42.76437847866419,True
0.9845237141399275,0.9756427718997879,-2.1162298551196448e-05,1.574899279697234e-05,-1.2046231482988703e-05,0.07224019972985848,0.0702712725107055,0.06840605786473106,0.00030950989061854475,4.94465892946541e-07,8.047878140411234e-07,3.297865327922458e-07,1.330309367870633e-06,0.4097298120796202,5.104175634503462e-07,4.837368222545942e-07,4.7205880471070284e-07,0.9246671192275563,1.2242194647489616e-12,2.6812161433883958e-05,roller,channel_7,47.031539888682744,True
1.0910147155225027,1.039191663464364,1.3511313690379179e-05,-3.5404712489317067e-06,5.209181181833209e-06,0.07967873088632589,0.0778968172510294,0.07613325043964382,7.37566767962074e-05,6.09946041598406e-07,9.256872477726627e-07,6.774210139813706e-07,9.771451966025693e-07,0.7317242872065557,5.981703577159504e-07,5.941968956834314e-07,5.887448460830998e-07,0.9840782490558003,7.236731766117464e-13,1.8371997728632498e-05,roller,channel_8,47.031539888682744,True
0.9994158720092126,0.9656699635128624,4.39524662217157e-06,-2.5027469173483212e-05,2.1487872375061e-05,0.07265727436760963,0.07323478427062077,0.07369388784496815,0.00017324588694786694,5.359739372278002e-07,8.644205098363687e-07,3.3912823220298487e-07,1.492785863532935e-06,0.39227320618127737,5.232550312929833e-07,5.418760179784136e-07,5.208189428866286e-07,0.9951541721112548,1.5280664742711474e-12,3.261161351615629e-05,roller,channel_7,51.298701298701296,True
0.99848138123188,0.9587065384277486,-1.790656031255077e-05,2.1975338786472996e-06,-7.4881979488849295e-06,0.07615780184053492,0.07717225063583592,0.08022412823672671,7.100386494756252e-05,6.055201730480478e-07,8.755838237680755e-07,7.04036899756121e-07,1.0035335119983051e-06,0.8039852748754039,5.855610568645446e-07,5.992049121755227e-07,6.101334330525174e-07,1.0417859031279808,7.37788697167629e-13,1.3962465184149675e-05,roller,channel_8,51.298701298701296,True
0.9965887339781049,0.9705051832292054,8.464919420478672e-06,-7.81345379074613e-06,1.70926257528893e-05,0.07170824986581711,0.07124640298001687,0.06949244408505613,0.0001575020122199786,5.022660879329163e-07,8.548781781868262e-07,3.982158385655505e-07,1.2609896004547909e-06,0.46576140622683126,5.02856435052229e-07,5.036199773849459e-07,4.788467392709601e-07,0.9520640474979404,1.0250827402780648e-12,1.605436192337656e-05,roller,channel_7,55.56586270871985,True
0.9949632285402246,1.185815482571156,-2.2301806934722304e-05,1.3063118056403288e-05,-2.7348201204623285e-05,0.07712018931251494,0.07960952143033294,0.07888164325012226,0.00014721248801048307,6.253872890974011e-07,9.234558770861394e-07,7.336165720733788e-07,9.99335072419059e-07,0.794339130175829,5.912268641415956e-07,6.219424749521073e-07,6.076411699344828e-07,1.0275893195154764,7.69293130328017e-13,1.4234308775613942e-05,roller,channel_8,55.56586270871985,True
0.9777881843630649,0.966474144838854,-2.5883118997232623e-05,6.83677206690267e-06,-5.046394269900659e-06,0.08647043946332912,0.08483963209489656,0.08460153295843062,0.00016158406507837912,7.270680648421383e-07,8.450083095123723e-07,4.3155792012619945e-07,2.337377857212855e-06,0.5106539780388722,7.456228919166252e-07,6.855140603771071e-07,7.244313822857485e-07,0.9714484966712579,4.2601292418633906e-12,5.019595601275926e-05,roller,channel_7,59.83302411873841,True
0.9713393478184592,0.9667139321812107,-2.0348363991535113e-05,5.738005127579021e-06,5.2091811818332156e-06,0.086685758384806,0.08348222338556001,0.08559170975082825,0.00013483135885889892,7.242416298740872e-07,9.309450265984391e-07,8.970759810803603e-07,1.2986151464963993e-06,0.9635151420740796,7.539467175658598e-07,6.515926722052057e-07,7.381278044800997e-07,0.9788886912244006,1.2829519690527168e-12,2.17909402738545e-05,roller,channel_8,59.83302411873841,True
1.0112873312623791,0.9770136670384304,2.6371479733029325e-05,-4.395067757294384e-06,2.4255249877909838e-05,0.08094416464274916,0.08216971384656703,0.08274780496011432,0.0002171154245892184,6.72182156816618e-07,8.501657913345607e-07,4.3836347607265624e-07,2.0238143401837705e-06,0.515560523003765,6.533612248682123e-07,6.639179298789322e-07,6.83560109103849e-07,1.0460607042777588,2.7664277237771337e-12,3.292378235189995e-05,roller,channel_7,64.14656771799629,True
1.018012995134774,0.980920683039547,-2.5720332085300093e-05,-1.245269197900151e-05,1.66042650170926e-05,0.08134094473395301,0.0841309385736572,0.08279610843819114,9.066640329680092e-05,6.874033729022644e-07,9.230708720431775e-07,8.276197511220529e-07,1.2062643655267003e-06,0.8964968200202751,6.553940860021636e-07,6.965911575967953e-07,6.85092303307488e-07,1.0451540569737905,1.0545141657744697e-12,1.748461269787864e-05,roller,channel_8,64.14656771799629,True
1.0008809616259797,0.9649327170777127,2.702262738075864e-05,-2.9300451715297526e-06,-1.6604265017092705e-05,0.08723355997879949,0.08903624105572955,0.08320191423564981,0.00012377170264070433,7.534166880692402e-07,8.175597805088454e-07,6.499593957549946e-07,2.1752298554785337e-06,0.794902001111651,7.193217157701156e-07,8.000688734996151e-07,7.136086057874036e-07,0.9919197462972198,3.0478104056777632e-12,3.548953483770853e-05,roller,channel_7,68.41372912801485,True
0.9959832340062613,0.9725628464746688,1.7906560312551146e-05,5.0054938346961095e-06,-6.02311574149462e-06,0.08897925812036186,0.0890054286733662,0.08779952542351248,0.00010910681233279013,7.857861954987822e-07,9.920342036002983e-07,1.1361539482046978e-06,1.254978460630551e-06,1.145161555847762,7.563098430906985e-07,7.988770763071773e-07,7.769780307785561e-07,1.0271918562082902,1.5278058082145642e-12,2.5186506922440438e-05,roller,channel_8,68.41372912801485,True
1.0094918322667563,0.9686047490737622,1.4325248250040822e-05,-2.4783298742522263e-05,-5.860328829562414e-06,0.09116008714578468,0.09117299065900195,0.0904298232342054,0.00021484558143899284,8.271343743858937e-07,8.747445286303107e-07,8.557887135662566e-07,2.231243025056396e-06,0.9782180553910663,8.155586080498026e-07,8.228203162820876e-07,8.113698696740533e-07,0.9947419933616547,3.3307650528074893e-12,3.5590155909637587e-05,roller,channel_7,72.6808905380334,False
0.9939248402078933,0.9570729504512583,7.162624125020102e-06,3.638139421316087e-05,1.2697379130717974e-05,0.10044881478815047,0.09953750976860123,0.09955494007004484,0.00011096372007356066,9.96394499849525e-07,1.0336561155550131e-06,1.9326922285989106e-06,1.3921218936070957e-06,1.8695823894219652,9.751742179669692e-07,9.721659520534263e-07,9.98641894981953e-07,1.0239601094589534,5.390696285308824e-12,5.9778748967038456e-05,roller,channel_8,72.6808905380334,False
0.9906060385291883,1.000203990300053,-1.839492104834754e-05,-6.104260774022034e-07,-7.162624125020305e-06,0.11183697109493157,0.1170746590576542,0.11713535300219592,0.00021712151653903555,1.3349805816766608e-06,8.954966175392086e-07,1.254376626112527e-06,4.084816386001197e-06,1.4006044703017329,1.2432071431934771e-06,1.3347823242943329e-06,1.3796972667975081e-06,1.1096994611112008,1.4915320999412956e-11,8.994432707214357e-05,roller,channel_7,76.94805194805194,False
0.99597878039813,1.0068701087241976,4.13478756307995e-05,-1.574899279697285e-05,-3.2069021650659165e-05,0.10928714155136204,0.11849579132020108,0.1162836392054764,0.00010292866584023932,1.3255327827766358e-06,1.1223325716716994e-06,2.2948044044796052e-06,2.244318431801037e-06,2.0444919921219227,1.2013438584574627e-06,1.406188648610204e-06,1.3399879201490254e-06,1.1153146363987743,8.543932184172969e-12,7.578232007528098e-05,roller,channel_8,76.94805194805194,False
1.0151234049789293,0.9940766482156911,-1.6278691193227947e-05,1.4406055426687939e-05,-3.662705518476292e-05,0.20004959198905797,0.1867370521605905,0.15725852536652718,0.0003565621705660475,3.337249261264225e-06,2.2576138783300552e-06,3.921202843211717e-06,8.980157714666094e-06,1.7368023826438457,3.966202102693997e-06,3.5608002095933043e-06,2.410833068538769e-06,0.6078289061494532,1.0235742056534811e-10,0.00016707650416303006,roller,channel_7,81.26159554730982,False
1.029234706442943,0.9834562957093449,1.432524825004061e-05,-5.371749481137595e-06,-9.93000162786902e-06,0.1922386517177881,0.18621602702174472,0.16146368113170548,0.00016620916061070142,3.277805912232959e-06,3.1167403246683152e-06,5.788882281085478e-06,5.765159215851749e-06,1.8572918975891117,3.779941723672038e-06,3.2411582791737243e-06,2.472414155911617e-06,0.6540705993874176,4.732184101407421e-11,0.00011757800567938314,roller,channel_8,81.26159554730982,False
0.9749432820771364,1.1161078900932693,1.07439361875306e-05,8.668050299108703e-06,1.627869119322948e-06,0.07651614642691014,0.07231994777660415,0.07187142389661443,0.0009161830710038707,5.398038339599633e-07,1.6672604065327262e-06,4.7110676344030583e-07,9.933441683624183e-07,0.28254644982243027,5.710910188046638e-07,5.197066742365953e-07,5.025768397265784e-07,0.8798752487010828,1.3693723570129976e-12,1.7649474189856126e-05,outer_race,channel_1,0.0,True
0.856869584786767,0.7823787554855405,3.5813120625102813e-06,1.0987669393236574e-05,9.93000162786903e-06,0.07888998593685437,0.07852185193890902,0.07812231940235605,0.0009553317240424003,6.164081962761413e-07,1.8444854020931885e-06,4.6208979440375977e-07,1.3421309574559794e-06,0.25051146663060003,6.106729831412646e-07,5.890044445415907e-07,5.946515423178973e-07,0.9736048560293986,1.9344413482704844e-12,3.624251626564019e-05,outer_race,channel_1,5.182926829268292,True
0.5230644726193687,0.886790756226958,1.481360898583751e-05,-2.942253693077767e-05,3.8580498127950455e-05,0.07518930183183127,0.07597501441927813,0.07880878985941901,0.0004903553171212943,5.867637702442902e-07,1.806734712888595e-06,4.4563636056443945e-07,1.241389890199461e-06,0.24663925116426313,5.520873911463559e-07,5.578849356408155e-07,5.932745467249617e-07,1.0744079930787767,1.6014538249070631e-12,1.725660227617054e-05,outer_race,channel_1,10.467479674796747,True
0.570122185506801,0.13186813186813193,1.2209018394921211e-05,-2.3562446587718194e-05,1.1395083835258707e-06,0.07756853488474993,0.07791058853461738,0.07645528321223982,0.0006790475951733809,5.986484677073066e-07,1.7805031353507879e-06,4.416653224841806e-07,1.310501032331433e-06,0.24804253891037334,5.838138243794281e-07,6.002103719821309e-07,5.679713988023514e-07,0.9726972972526897,1.8710320688626647e-12,2.095035793833172e-05,outer_race,channel_1,15.752032520325205,True
1.095804934242104,1.198521647307286,-2.034836399153501e-05,1.8801123183982368e-05,2.458082370177428e-05,0.07582759186367985,0.07611429426670761,0.07550324797222882,0.0008004558378071112,5.751962178087677e-07,1.6467101258462016e-06,4.431763803079259e-07,1.273371079415932e-06,0.2691120083319884,5.707023516961166e-07,5.704470701237802e-07,5.530376972305223e-07,0.9688777482909674,1.599918809350198e-12,1.8656117869624704e-05,outer_race,channel_1,20.934959349593495,True
1.3617647058823534,1.6442906574394471,-2.9790004883607222e-05,3.284092296422889e-05,1.2371805306853133e-05,0.07546154235091217,0.07602107769492006,0.07472180439256308,0.0008769264648662182,5.694533991345679e-07,1.7040407143057927e-06,4.258519459265107e-07,1.2480380907222968e-06,0.2498924779811906,5.59815404666709e-07,5.651750520696328e-07,5.408829712168235e-07,0.9660083768168254,1.6381165328302235e-12,2.0581021869183214e-05,outer_race,channel_1,26.21951219512195,True
1.7393084622383994,4.350318471337581,-2.62086928210971e-05,5.371749481137792e-06,5.404525476151717e-05,0.07487356410598295,0.07886308993898723,0.08062886142979477,0.0006165338168122054,6.119703844677262e-07,1.7324960997602865e-06,4.9392005312819e-07,1.3401893391491e-06,0.28507512697075005,5.591558563416939e-07,5.9774556611503e-07,6.268356901370145e-07,1.1208388486754277,1.6519349261258742e-12,1.9478513610647826e-05,outer_race,channel_1,31.50406504065041,True
1.2726126693980464,0.6838953671604161,3.5324759889304755e-05,-1.0987669393236564e-05,-3.5813120625102046e-06,0.07695928032782413,0.07653293475432203,0.0770366090194449,0.000918457466729652,5.899727516233766e-07,1.6632852025433616e-06,4.4483151280409306e-07,1.3345475776106754e-06,0.26742543586652895,5.783845667114155e-07,5.663219519114239e-07,5.770439688510417e-07,0.9975097039000308,1.63436356549529e-12,1.8893617293930277e-05,outer_race,channel_1,36.78861788617886,True
2.9280402974334354,2.4094507076037406,1.1232296923327363e-05,-5.738005127579006e-06,-1.432524825004067e-05,0.07408111279420541,0.07776341694865874,0.07659866811456506,0.000815164355491405,5.825480955076408e-07,1.7067627152922739e-06,4.3928913033168866e-07,1.2890096333210276e-06,0.2573664105472403,5.337465206413211e-07,5.898014686800582e-07,5.803841187124404e-07,1.0871741151655587,1.7100452272219215e-12,2.4666741595263586e-05,outer_race,channel_1,41.97154471544716,True
1.148318924111431,2.1938520653218054,6.316132182972499e-05,-2.0754486631669736e-06,9.116067068207508e-06,0.07460180312617551,0.07546582015443666,0.0784029105806385,0.0005184227909776476,5.791547900421617e-07,1.6983977755273619e-06,4.4458732518075627e-07,1.2519756095972124e-06,0.2617532572527024,5.49228650700251e-07,5.540913275636645e-07,5.874744981260791e-07,1.069440848164759,1.6163340992639964e-12,2.333037557507632e-05,outer_race,channel_1,47.256097560975604,True
1.2893177328673462,1.7825558425771162,1.399967442617603e-05,8.301794652667616e-06,-1.709262575288932e-05,0.07813142237582418,0.07625961061780166,0.07811270000220333,0.0008233478897072654,5.987757049244077e-07,1.69352096039743e-06,4.3172070613007236e-07,1.3595246896288897e-06,0.2549098743019592,5.96130533856793e-07,5.724839845270394e-07,5.889050386264998e-07,0.987713653001118,1.6320271290045068e-12,2.1110070922661288e-05,outer_race,channel_1,52.540650406504064,True
1.1597157033659646,1.1754056591122433,3.3045743122252745e-05,2.3806617018678835e-05,1.1557870747192035e-05,0.0882271081832179,0.08778697670996939,0.08975143530408414,0.0005927152009666557,7.834018793938637e-07,1.7587087675149729e-06,4.817546993239373e-07,2.1449690062942823e-06,0.2739096530685426,7.614731067716551e-07,7.563707700204749e-07,7.875047594054003e-07,1.0340501160074713,3.085718547158881e-12,2.7425318125501493e-05,outer_race,channel_1,57.82520325203252,True
1.4838939566704679,0.9736316989737744,-8.302132508546224e-06,1.2574777194481935e-05,3.6952629008627886e-05,0.0953870817908876,0.09253134778868531,0.09214929124595583,0.0008981923180708316,8.701183818830919e-07,1.7533895639763482e-06,5.235826557306974e-07,2.5621176405923535e-06,0.29859468028049224,8.848649099430063e-07,8.447786592665634e-07,8.29592048622811e-07,0.9374293142043774,4.732404199707056e-12,3.833931587820891e-05,outer_race,channel_1,63.00813008130082,True
0.9565997130559543,0.8020982783357241,2.7510988116555303e-05,-1.428397021120748e-05,-2.930164414781075e-05,0.1013981693943968,0.10193636170521506,0.10575735595897152,0.0009368129636291929,1.0595529341454918e-06,1.8578951562723285e-06,5.684543685472312e-07,3.3693437553369854e-06,0.30595040392231904,1.0169089488795529e-06,1.0100303697682115e-06,1.0929816250916656e-06,1.074702072480102,7.483966579553175e-12,5.193842741131228e-05,outer_race,channel_1,68.29268292682927,True
2.2436073059360733,2.1757990867579906,-3.0603939443268794e-05,4.517152972775204e-06,5.795214064789162e-05,0.16364820287362103,0.163226834943432,0.16270960981158927,0.0017684205387480877,2.663162439580142e-06,1.8188616411973372e-06,1.0614128321611045e-06,1.0325841499984474e-05,0.5835267815006951,2.610352226808417e-06,2.6254520309627922e-06,2.6524107020775157e-06,1.0160732591993833,6.752842509158972e-11,0.00011443806087734356,outer_race,channel_1,73.57723577235772,False
0.3308997632202056,0.6879439621152329,1.2371805306853309e-05,5.371749481137712e-06,-2.669705355689385e-05,0.10892593713596119,0.10638115340155849,0.10512509262304148,0.0008477797321885666,1.140061473427888e-06,2.0442560427529886e-06,1.189027080502703e-06,2.979437150251268e-06,0.5816144818402205,1.1706496554167551e-06,1.112107239159442e-06,1.0714176477751848e-06,0.9151552108668264,5.542833659180764e-12,3.7158738582151966e-05,outer_race,channel_1,78.86178861788618,False
1.1758380771663508,1.1415243516761546,-3.906885886374689e-06,1.8801123183982388e-05,-1.5139182809702001e-05,0.13886471505483516,0.13849757088220596,0.1405621889765945,0.0008351760639077913,1.9383116666270135e-06,2.1061653854593192e-06,1.3081954354662492e-06,6.271067941691014e-06,0.6210971535198863,1.8749644280010765e-06,1.886601196163048e-06,1.945848098740227e-06,1.0377499939106678,3.0924955465495275e-11,8.407812309855959e-05,outer_race,channel_1,84.04471544715447,False
0.8451763485477176,0.93698132780083,3.532475988930461e-05,-1.0987669393236557e-06,-2.767377502848891e-06,0.1560229966052758,0.15109544982383,0.15505357540234074,0.0008976772957933358,2.364519286140536e-06,2.8243288964082623e-06,1.407881244804188e-06,8.26911347295287e-06,0.4984658125380839,2.390216186906843e-06,2.3001270572277977e-06,2.327634655485646e-06,0.9737768870225035,4.1954435649698894e-11,0.00010288535841745361,outer_race,channel_1,89.32926829268293,False
2.6445050855867036,3.538079880922849,-3.3696890769982106e-05,-8.545965083628854e-07,-3.141787400293072e-05,0.18216279486361522,0.17831251131556436,0.17873326858400526,0.0024446084781781048,3.2255032009811107e-06,5.767567166250507e-06,3.243139137434803e-06,9.295135643713348e-06,0.5622965132960559,3.2808586417652392e-06,3.143393265708916e-06,3.1535619622522414e-06,0.9611708974653655,1.105714471119422e-10,0.00017302334507308278,outer_race,channel_1,94.61382113821138,False
1.2231530845392231,1.4067022086824066,0.0,0.0,0.0,0.0010109000999454407,0.001001115407850857,0.0009555219101588725,3.4605086414800955e-07,9.990122591444624e-11,6.66057680367325e-10,3.5701625685919837e-11,3.337577495354496e-11,0.046604357088099284,9.411319515742736e-11,9.24961692238941e-11,8.678706541317361e-11,0.4470951361281164,1.4925160193648458e-19,6.532561879824309e-09,outer_race,channel_1,99.89837398373984,False
